{"width":0.004,"heights":[0.9825,0.994,0.9906667,0.9595,0.97366667,0.99516666,0.969,0.9978333,0.9965,0.9688333,0.9865,0.9765,0.9931667,0.96283334,0.9831667,0.98983335,0.99766666,0.9856667,0.9915,0.988,0.9965,0.9856667,0.9805,0.996,0.9615,0.9803333,0.96716666,0.98466665,0.992,0.97283334,0.992,0.9698333,0.9916667,0.998,0.993,0.99616665,0.971,0.99616665,0.9803333,0.97,0.96183336,0.9835,0.98933333,0.97933334,0.9863333,0.9715,0.9903333,0.9715,0.96533334,0.9993333,0.9665,0.98216665,0.97966665,0.98716664,0.9635,0.9815,0.975,0.9685,0.9865,0.9715,0.9561667,0.967,0.99633336,0.992,0.99216664,0.9725,0.97183335,0.9906667,0.9828333,0.9615,0.99883336,0.9916667,0.981,0.9605,0.974,1.0,0.9648333,0.97716665,0.9865,0.9903333,0.982,0.9791667,0.9816667,0.9941667,0.9981667,0.975,0.9975,0.9816667,0.97083336,0.998,0.9993333,0.98483336,0.9838333,0.98716664,0.9738333,0.9675,0.997,0.9755,0.998,0.99633336,0.9726667,0.9698333,0.9943333,0.9713333,0.994,0.96966666,0.99083334,0.979,0.9903333,0.9785,0.98,0.98983335,0.9741667,0.9716667,0.9741667,0.9676667,0.964,0.98616666,0.98583335,0.984,0.96533334,0.99383336,0.966,0.976,0.9878333,0.9888333,0.99916667,0.97566664,0.979,0.99083334,0.963,0.9881667,0.969,0.99,0.96216667,0.9636667,0.9636667,0.9711667,0.9745,0.99233335,0.9745,0.972,0.9785,0.96183336,0.9685,0.9931667,0.9723333,0.97683334,0.975,0.96383333,0.999,0.9748333,0.9716667,0.99883336,0.98966664,0.986,0.98516667,0.9888333,0.99016666,0.98983335,0.9943333,0.99766666,0.99516666,0.99,0.9663333,0.975,0.979,0.97783333,0.97716665,0.9651667,0.972,0.9813333,0.999,0.99833333,0.9738333,0.996,0.97866666,0.99116665,0.9655,0.9663333,0.9716667,0.9845,0.98333335],"column_bounds":[0.73200095]}