{"width":0.0041503906,"heights":[0.98217773,0.97265625,0.970459,0.99902344,0.9975586,0.9523926,0.9523926,0.9663086,0.9733887,0.9968262,0.95751953,0.9543457,0.94873047,0.9560547,0.9875488,0.9916992,0.9968262,0.9938965,0.96069336,0.94140625,0.96191406,0.9682617,0.98095703,0.9460449,0.99560547,0.98095703,0.98291016,0.9453125,0.9802246,0.9941406,0.9953613,0.9753418,0.9733887,0.9765625,0.9753418,0.9638672,0.9909668,0.9523926,0.98999023,0.9638672,0.99975586,0.9445801,0.9968262,0.9772949,0.9614258,0.9897461,0.9765625,0.98413086,0.95947266,0.9951172,0.97387695,0.9855957,0.984375,0.97436523,0.95703125,0.99658203,0.9733887,0.9682617,0.9562988,0.9782715,0.96606445,0.951416,0.9645996,0.95214844,0.97631836,0.97509766,0.9645996,0.9604492,0.96972656,0.9655762,0.9465332,0.9929199,0.9472656,0.9951172,0.9362793,0.99731445,0.98413086,0.9604492,0.9790039,0.99121094,0.96533203,0.96606445,0.9873047,0.9880371,0.9851074,0.9733887,0.9692383,0.9572754,0.96728516,0.9577637,0.9572754,0.9772949,0.95751953,0.96655273,0.9953613,0.9484863,0.98779297,0.99487305,0.9807129,0.9604492,0.96484375,0.9655762,0.9914551,0.96191406,0.97436523,0.9555664,0.97924805,0.9519043,0.98168945,0.9980469,0.9794922,0.9711914,0.9489746,0.9499512,0.9667969,0.95996094,0.9562988,0.9733887,0.9494629,0.9838867,0.96850586,0.9602051,0.9699707,0.9724121,0.97216797,0.98339844,0.95214844,0.95947266,0.9914551,0.93774414,0.95166016,0.9777832,0.95166016,0.9873047,0.99121094,0.9719238,0.9814453,0.9987793,0.93774414,0.98950195,0.9589844,0.9597168,0.9980469,0.96875,0.99487305,0.98779297,0.9916992,0.9892578,0.97216797,0.95214844,0.9765625,0.9772949,0.9765625,0.98339844,0.97802734,0.95874023,0.95043945,0.9875488,0.9980469,0.9707031,0.9501953,0.98095703,0.93847656,0.953125,0.9562988,0.99975586,0.96606445,0.9807129,0.9501953,0.9941406,0.99731445,0.9543457,0.9526367,0.9736328,0.9802246,0.9914551,0.9987793,0.9719238,0.9987793,0.9958496,0.9929199,0.9423828,0.9765625,0.99975586,0.9584961,0.9873047,0.9494629,0.9577637,0.96313477,0.98461914,0.97802734,0.9782715,0.99609375,0.96191406,0.9760742,0.93847656,0.9658203,0.95581055,0.96606445,0.9892578,0.9921875,0.9929199,0.97924805,0.9724121,0.99121094,0.99853516,0.9914551,0.99243164,0.95214844,0.9785156,0.9338379,0.9440918,0.95874023,0.9909668,0.9621582,0.9951172,0.93652344,0.9836426,0.982666,0.9433594,0.9875488,0.953125,0.9592285,0.953125,0.9536133,0.9416504,0.9794922,0.9995117,0.98217773,0.9987793,0.9958496,0.9628906,0.9667969,0.9692383,0.99072266,0.94750977,0.9682617,0.95947266,0.96777344,0.99194336,0.9707031,0.98095703,0.9682617,0.99243164,0.96484375,0.95532227,0.9489746,0.96435547,0.9733887,0.9440918,0.95654297,0.99121094,0.9848633,0.98535156,0.99194336,0.99121094,0.99975586,0.9724121,0.95703125,0.9885254,0.984375,0.97998047,0.9667969,0.97998047,0.94262695,0.9765625,0.97021484,0.97631836,0.9848633],"columnBounds":[1.0,0.24487406]}
