{"width":0.015625,"heights":[0.9926758,0.984375,0.9941406,0.8959961,0.90527344,0.9033203,0.88720703,0.9067383,0.9589844,0.9404297,0.9267578,0.9067383,0.9692383,0.875,0.95654297,0.89990234,0.8901367,0.88916016,0.8671875,0.9433594,0.97802734,0.9614258,0.99121094,0.9555664,0.97558594,0.95410156,0.9111328,0.9355469,0.984375,0.9370117,0.9995117,0.9433594,0.89404297,0.9814453,0.9667969,0.9658203,0.97314453,0.9604492,0.953125,0.9165039,0.9370117,0.9794922,0.93408203,0.9746094,0.99560547,0.9848633,0.9345703,0.9707031,0.95996094,0.9707031,0.921875,0.9902344,0.97216797,0.95996094,0.96728516,0.91748047,0.9926758,0.94433594,0.9160156,0.9316406,0.92626953,0.93603516],"column_bounds":[0.96876526]}